CountryCode,CountryName,OfficialName,AltNames
AD,Andorra,Principality of Andorra,AD|Principality of Andorra|Principat d'Andorra
AE,United Arab Emirates,United Arab Emirates,AE|UAE|Emirates
AF,Afghanistan,Islamic Republic of Afghanistan,AF|Afġānistān
AG,Antigua and Barbuda,Antigua and Barbuda,AG
AI,Anguilla,Anguilla,AI
AL,Albania,Republic of Albania,AL|Shqipëri|Shqipëria|Shqipnia
AM,Armenia,Republic of Armenia,AM|Hayastan|Republic of Armenia|Հայաստանի Հանրապետություն
AO,Angola,Republic of Angola,AO|República de Angola|ʁɛpublika de an'ɡɔla
AQ,Antarctica,Antarctica,AQ
AR,Argentina,Argentine Republic,AR|Argentine Republic|República Argentina
AS,American Samoa,American Samoa,AS|Amerika Sāmoa|Amelika Sāmoa|Sāmoa Amelika
AT,Austria,Republic of Austria,AT|Osterreich|Oesterreich
AU,Australia,Commonwealth of Australia,AU
AW,Aruba,Aruba,AW
AX,Åland Islands,Åland Islands,AX|Aaland|Aland|Ahvenanmaa
AZ,Azerbaijan,Republic of Azerbaijan,AZ|Republic of Azerbaijan|Azərbaycan Respublikası
BA,Bosnia and Herzegovina,Bosnia and Herzegovina,BA|Bosnia-Herzegovina|Босна и Херцеговина
BB,Barbados,Barbados,BB
BD,Bangladesh,People's Republic of Bangladesh,BD|People's Republic of Bangladesh|Gônôprôjatôntri Bangladesh
BE,Belgium,Kingdom of Belgium,BE|België|Belgie|Belgien|Belgique|Kingdom of Belgium|Koninkrijk België|Royaume de Belgique|Königreich Belgien
BF,Burkina Faso,Burkina Faso,BF
BG,Bulgaria,Republic of Bulgaria,BG|Republic of Bulgaria|Република България
BH,Bahrain,Kingdom of Bahrain,BH|Kingdom of Bahrain|Mamlakat al-Baḥrayn
BI,Burundi,Republic of Burundi,BI|Republic of Burundi|Republika y'Uburundi|République du Burundi
BJ,Benin,Republic of Benin,BJ|Republic of Benin|République du Bénin
BL,Saint Barthélemy,Collectivity of Saint Barthélemy,BL|St. Barthelemy|Collectivity of Saint Barthélemy|Collectivité de Saint-Barthélemy
BM,Bermuda,Bermuda,BM|The Islands of Bermuda|The Bermudas|Somers Isles
BN,Brunei,"Nation of Brunei, Abode of Peace",BN|Brunei Darussalam|Nation of Brunei|the Abode of Peace
BO,Bolivia,Plurinational State of Bolivia,"BO|Buliwya|Wuliwya|Bolivia, Plurinational State of|Plurinational State of Bolivia|Estado Plurinacional de Bolivia|Buliwya Mamallaqta|Wuliwya Suyu|Tetã Volívia"
BQ,Caribbean Netherlands,"Bonaire, Sint Eustatius and Saba",BES islands
BR,Brazil,Federative Republic of Brazil,BR|Brasil|Federative Republic of Brazil|República Federativa do Brasil
BS,Bahamas,Commonwealth of the Bahamas,BS|Commonwealth of the Bahamas
BT,Bhutan,Kingdom of Bhutan,BT|Kingdom of Bhutan
BV,Bouvet Island,Bouvet Island,BV|Bouvetøya|Bouvet-øya
BW,Botswana,Republic of Botswana,BW|Republic of Botswana|Lefatshe la Botswana
BY,Belarus,Republic of Belarus,BY|Bielaruś|Republic of Belarus|Белоруссия|Республика Белоруссия
BZ,Belize,Belize,BZ
CA,Canada,Canada,CA
CC,Cocos (Keeling) Islands,Territory of the Cocos (Keeling) Islands,CC|Keeling Islands|Cocos Islands
CD,DR Congo,Democratic Republic of the Congo,"CD|DR Congo|Congo-Kinshasa|Congo, the Democratic Republic of the|DRC"
CF,Central African Republic,Central African Republic,CF|Central African Republic|République centrafricaine
CG,Republic of the Congo,Republic of the Congo,CG|Congo|Congo-Brazzaville
CH,Switzerland,Swiss Confederation,CH|Swiss Confederation|Schweiz|Suisse|Svizzera|Svizra
CI,Ivory Coast,Republic of Côte d'Ivoire,CI|Côte d'Ivoire|Ivory Coast|Republic of Côte d'Ivoire|République de Côte d'Ivoire
CK,Cook Islands,Cook Islands,CK|Kūki 'Āirani
CL,Chile,Republic of Chile,CL|Republic of Chile|República de Chile
CM,Cameroon,Republic of Cameroon,CM|Republic of Cameroon|République du Cameroun
CN,China,People's Republic of China,CN|Zhōngguó|Zhongguo|Zhonghua|People's Republic of China|中华人民共和国|Zhōnghuá Rénmín Gònghéguó
CO,Colombia,Republic of Colombia,CO|Republic of Colombia|República de Colombia
CR,Costa Rica,Republic of Costa Rica,CR|Republic of Costa Rica|República de Costa Rica
CU,Cuba,Republic of Cuba,CU|Republic of Cuba|República de Cuba
CV,Cape Verde,Republic of Cabo Verde,CV|Republic of Cabo Verde|República de Cabo Verde
CW,Curaçao,Country of Curaçao,CW|Curacao|Kòrsou|Country of Curaçao|Land Curaçao|Pais Kòrsou
CX,Christmas Island,Territory of Christmas Island,CX|Territory of Christmas Island
CY,Cyprus,Republic of Cyprus,CY|Kýpros|Kıbrıs|Republic of Cyprus|Κυπριακή Δημοκρατία|Kıbrıs Cumhuriyeti
CZ,Czechia,Czech Republic,CZ|Česká republika|Česko
DE,Germany,Federal Republic of Germany,DE|Federal Republic of Germany|Bundesrepublik Deutschland
DJ,Djibouti,Republic of Djibouti,DJ|Jabuuti|Gabuuti|Republic of Djibouti|République de Djibouti|Gabuutih Ummuuno|Jamhuuriyadda Jabuuti
DK,Denmark,Kingdom of Denmark,DK|Danmark|Kingdom of Denmark|Kongeriget Danmark
DM,Dominica,Commonwealth of Dominica,DM|Dominique|Wai‘tu kubuli|Commonwealth of Dominica
DO,Dominican Republic,Dominican Republic,DO
DZ,Algeria,People's Democratic Republic of Algeria,DZ|Dzayer|Algérie
EC,Ecuador,Republic of Ecuador,EC|Republic of Ecuador|República del Ecuador
EE,Estonia,Republic of Estonia,EE|Eesti|Republic of Estonia|Eesti Vabariik
EG,Egypt,Arab Republic of Egypt,EG|Arab Republic of Egypt
EH,Western Sahara,Sahrawi Arab Democratic Republic,EH|Taneẓroft Tutrimt
ER,Eritrea,State of Eritrea,ER|State of Eritrea|ሃገረ ኤርትራ|Dawlat Iritriyá|ʾErtrā|Iritriyā
ES,Spain,Kingdom of Spain,ES|Kingdom of Spain|Reino de España
ET,Ethiopia,Federal Democratic Republic of Ethiopia,ET|ʾĪtyōṗṗyā|Federal Democratic Republic of Ethiopia|የኢትዮጵያ ፌዴራላዊ ዲሞክራሲያዊ ሪፐብሊክ
FI,Finland,Republic of Finland,FI|Suomi|Republic of Finland|Suomen tasavalta|Republiken Finland
FJ,Fiji,Republic of Fiji,FJ|Viti|Republic of Fiji|Matanitu ko Viti|Fijī Gaṇarājya
FK,Falkland Islands,Falkland Islands,FK|Islas Malvinas|Falkland Islands (Malvinas)
FM,Micronesia,Federated States of Micronesia,"FM|Federated States of Micronesia|Micronesia, Federated States of"
FO,Faroe Islands,Faroe Islands,FO|Føroyar|Færøerne
FR,France,French Republic,FR|French Republic|République française
GA,Gabon,Gabonese Republic,GA|Gabonese Republic|République Gabonaise
GB,United Kingdom,United Kingdom of Great Britain and Northern Ireland,GB|UK|Great Britain
GD,Grenada,Grenada,GD
GE,Georgia,Georgia,GE|Sakartvelo
GF,French Guiana,Guiana,GF|Guiana|Guyane
GG,Guernsey,Bailiwick of Guernsey,GG|Bailiwick of Guernsey|Bailliage de Guernesey
GH,Ghana,Republic of Ghana,GH
GI,Gibraltar,Gibraltar,GI
GL,Greenland,Greenland,GL|Grønland
GM,Gambia,Republic of the Gambia,GM|Republic of the Gambia
GN,Guinea,Republic of Guinea,GN|Republic of Guinea|République de Guinée
GP,Guadeloupe,Guadeloupe,GP|Gwadloup
GQ,Equatorial Guinea,Republic of Equatorial Guinea,GQ|Republic of Equatorial Guinea|República de Guinea Ecuatorial|République de Guinée équatoriale|República da Guiné Equatorial
GR,Greece,Hellenic Republic,GR|Elláda|Hellenic Republic|Ελληνική Δημοκρατία
GS,South Georgia,South Georgia and the South Sandwich Islands,GS|South Georgia and the South Sandwich Islands
GT,Guatemala,Republic of Guatemala,GT
GU,Guam,Guam,GU|Guåhån
GW,Guinea-Bissau,Republic of Guinea-Bissau,GW|Republic of Guinea-Bissau|República da Guiné-Bissau
GY,Guyana,Co-operative Republic of Guyana,GY|Co-operative Republic of Guyana
HK,Hong Kong,Hong Kong Special Administrative Region of the People's Republic of China,HK
HM,Heard Island and McDonald Islands,Heard Island and McDonald Islands,HM|Heard Island and McDonald Islands
HN,Honduras,Republic of Honduras,HN|Republic of Honduras|República de Honduras
HR,Croatia,Republic of Croatia,HR|Hrvatska|Republic of Croatia|Republika Hrvatska
HT,Haiti,Republic of Haiti,HT|Republic of Haiti|République d'Haïti|Repiblik Ayiti
HU,Hungary,Hungary,HU
ID,Indonesia,Republic of Indonesia,ID|Republic of Indonesia|Republik Indonesia
IE,Ireland,Republic of Ireland,IE|Éire|Republic of Ireland|Poblacht na hÉireann
IL,Israel,State of Israel,IL|State of Israel|Medīnat Yisrā'el
IM,Isle of Man,Isle of Man,IM|Ellan Vannin|Mann|Mannin
IN,India,Republic of India,IN|Bhārat|Republic of India|Bharat Ganrajya|இந்தியா
IO,British Indian Ocean Territory,British Indian Ocean Territory,IO
IQ,Iraq,Republic of Iraq,IQ|Republic of Iraq|Jumhūriyyat al-‘Irāq
IR,Iran,Islamic Republic of Iran,"IR|Islamic Republic of Iran|Iran, Islamic Republic of|Jomhuri-ye Eslāmi-ye Irān"
IS,Iceland,Iceland,IS|Island|Republic of Iceland|Lýðveldið Ísland
IT,Italy,Italian Republic,IT|Italian Republic|Repubblica italiana
JE,Jersey,Bailiwick of Jersey,JE|Bailiwick of Jersey|Bailliage de Jersey|Bailliage dé Jèrri
JM,Jamaica,Jamaica,JM
JO,Jordan,Hashemite Kingdom of Jordan,JO|Hashemite Kingdom of Jordan|al-Mamlakah al-Urdunīyah al-Hāshimīyah
JP,Japan,Japan,JP|Nippon|Nihon
KE,Kenya,Republic of Kenya,KE|Republic of Kenya|Jamhuri ya Kenya
KG,Kyrgyzstan,Kyrgyz Republic,KG|Киргизия|Kyrgyz Republic|Кыргыз Республикасы|Kyrgyz Respublikasy
KH,Cambodia,Kingdom of Cambodia,KH|Kingdom of Cambodia
KI,Kiribati,Independent and Sovereign Republic of Kiribati,KI|Republic of Kiribati|Ribaberiki Kiribati
KM,Comoros,Union of the Comoros,KM|Union of the Comoros|Union des Comores|Udzima wa Komori|al-Ittiḥād al-Qumurī
KN,Saint Kitts and Nevis,Federation of Saint Christopher and Nevis,KN|Federation of Saint Christopher and Nevis
KP,North Korea,Democratic People's Republic of Korea,"KP|Democratic People's Republic of Korea|DPRK|조선민주주의인민공화국|Chosŏn Minjujuŭi Inmin Konghwaguk|Korea, Democratic People's Republic of|북한|북조선"
KR,South Korea,Republic of Korea,"KR|Korea, Republic of|Republic of Korea|남한|남조선"
KW,Kuwait,State of Kuwait,KW|State of Kuwait|Dawlat al-Kuwait
KY,Cayman Islands,Cayman Islands,KY
KZ,Kazakhstan,Republic of Kazakhstan,KZ|Qazaqstan|Казахстан|Republic of Kazakhstan|Қазақстан Республикасы|Qazaqstan Respublïkası|Республика Казахстан|Respublika Kazakhstan
LA,Laos,Lao People's Democratic Republic,LA|Lao|Lao People's Democratic Republic|Sathalanalat Paxathipatai Paxaxon Lao
LB,Lebanon,Lebanese Republic,LB|Lebanese Republic|Al-Jumhūrīyah Al-Libnānīyah
LC,Saint Lucia,Saint Lucia,LC
LI,Liechtenstein,Principality of Liechtenstein,LI|Principality of Liechtenstein|Fürstentum Liechtenstein
LK,Sri Lanka,Democratic Socialist Republic of Sri Lanka,LK|ilaṅkai|Democratic Socialist Republic of Sri Lanka
LR,Liberia,Republic of Liberia,LR|Republic of Liberia
LS,Lesotho,Kingdom of Lesotho,LS|Kingdom of Lesotho|Muso oa Lesotho
LT,Lithuania,Republic of Lithuania,LT|Republic of Lithuania|Lietuvos Respublika
LU,Luxembourg,Grand Duchy of Luxembourg,LU|Grand Duchy of Luxembourg|Grand-Duché de Luxembourg|Großherzogtum Luxemburg|Groussherzogtum Lëtzebuerg
LV,Latvia,Republic of Latvia,LV|Republic of Latvia|Latvijas Republika
LY,Libya,State of Libya,LY|State of Libya|Dawlat Libya
MA,Morocco,Kingdom of Morocco,MA|Kingdom of Morocco|Al-Mamlakah al-Maġribiyah
MC,Monaco,Principality of Monaco,MC|Principality of Monaco|Principauté de Monaco
MD,Moldova,Republic of Moldova,"MD|Moldova, Republic of|Republic of Moldova|Republica Moldova"
ME,Montenegro,Montenegro,ME|Crna Gora
MF,Saint Martin,Saint Martin,MF|Collectivity of Saint Martin|Collectivité de Saint-Martin|Saint Martin (French part)
MG,Madagascar,Republic of Madagascar,MG|Republic of Madagascar|Repoblikan'i Madagasikara|République de Madagascar
MH,Marshall Islands,Republic of the Marshall Islands,MH|Republic of the Marshall Islands|Aolepān Aorōkin M̧ajeļ
MK,North Macedonia,Republic of North Macedonia,"MK|The former Yugoslav Republic of Macedonia|Republic of North Macedonia|Macedonia, The Former Yugoslav Republic of|Република Северна Македонија"
ML,Mali,Republic of Mali,ML|Republic of Mali|République du Mali
MM,Myanmar,Republic of the Union of Myanmar,MM|Burma|Republic of the Union of Myanmar|Pyidaunzu Thanmăda Myăma Nainngandaw
MN,Mongolia,Mongolia,MN
MO,Macau,Macao Special Administrative Region of the People's Republic of China,MO|澳门|Macao|Macao Special Administrative Region of the People's Republic of China|中華人民共和國澳門特別行政區|Região Administrativa Especial de Macau da República Popular da China
MP,Northern Mariana Islands,Commonwealth of the Northern Mariana Islands,MP|Commonwealth of the Northern Mariana Islands|Sankattan Siha Na Islas Mariånas
MQ,Martinique,Martinique,MQ
MR,Mauritania,Islamic Republic of Mauritania,MR|Islamic Republic of Mauritania|al-Jumhūriyyah al-ʾIslāmiyyah al-Mūrītāniyyah
MS,Montserrat,Montserrat,MS
MT,Malta,Republic of Malta,MT|Republic of Malta|Repubblika ta' Malta
MU,Mauritius,Republic of Mauritius,MU|Republic of Mauritius|République de Maurice
MV,Maldives,Republic of the Maldives,MV|Maldive Islands|Republic of the Maldives|Dhivehi Raajjeyge Jumhooriyya
MW,Malawi,Republic of Malawi,MW|Republic of Malawi
MX,Mexico,United Mexican States,MX|Mexicanos|United Mexican States|Estados Unidos Mexicanos
MY,Malaysia,Malaysia,MY
MZ,Mozambique,Republic of Mozambique,MZ|Republic of Mozambique|República de Moçambique
NA,Namibia,Republic of Namibia,NA|Namibië|Republic of Namibia
NC,New Caledonia,New Caledonia,NC
NE,Niger,Republic of Niger,NE|Nijar
NF,Norfolk Island,Territory of Norfolk Island,NF|Territory of Norfolk Island|Teratri of Norf'k Ailen
NG,Nigeria,Federal Republic of Nigeria,NG|Nijeriya|Naíjíríà|Federal Republic of Nigeria
NI,Nicaragua,Republic of Nicaragua,NI|Republic of Nicaragua|República de Nicaragua
NL,Netherlands,Kingdom of the Netherlands,NL|Holland|Nederland|The Netherlands
NO,Norway,Kingdom of Norway,NO|Norge|Noreg|Kingdom of Norway|Kongeriket Norge|Kongeriket Noreg
NP,Nepal,Federal Democratic Republic of Nepal,NP|Federal Democratic Republic of Nepal|Loktāntrik Ganatantra Nepāl
NR,Nauru,Republic of Nauru,NR|Naoero|Pleasant Island|Republic of Nauru|Ripublik Naoero
NU,Niue,Niue,NU
NZ,New Zealand,New Zealand,NZ|Aotearoa
OM,Oman,Sultanate of Oman,OM|Sultanate of Oman|Salṭanat ʻUmān
PA,Panama,Republic of Panama,PA|Republic of Panama|República de Panamá
PE,Peru,Republic of Peru,PE|Republic of Peru|República del Perú
PF,French Polynesia,French Polynesia,PF|Polynésie française|French Polynesia|Pōrīnetia Farāni
PG,Papua New Guinea,Independent State of Papua New Guinea,PG|Independent State of Papua New Guinea|Independen Stet bilong Papua Niugini
PH,Philippines,Republic of the Philippines,PH|Republic of the Philippines|Repúblika ng Pilipinas
PK,Pakistan,Islamic Republic of Pakistan,PK|Pākistān|Islamic Republic of Pakistan|Islāmī Jumhūriya'eh Pākistān
PL,Poland,Republic of Poland,PL|Republic of Poland|Rzeczpospolita Polska
PM,Saint Pierre and Miquelon,Saint Pierre and Miquelon,PM|Collectivité territoriale de Saint-Pierre-et-Miquelon
PN,Pitcairn Islands,Pitcairn Group of Islands,PN|Pitcairn|Pitcairn Henderson Ducie and Oeno Islands
PR,Puerto Rico,Commonwealth of Puerto Rico,PR|Commonwealth of Puerto Rico|Estado Libre Asociado de Puerto Rico
PS,Palestine,State of Palestine,"PS|Palestine, State of|State of Palestine|Dawlat Filasṭin"
PT,Portugal,Portuguese Republic,PT|Portuguesa|Portuguese Republic|República Portuguesa
PW,Palau,Republic of Palau,PW|Republic of Palau|Beluu er a Belau
PY,Paraguay,Republic of Paraguay,PY|Republic of Paraguay|República del Paraguay|Tetã Paraguái
QA,Qatar,State of Qatar,QA|State of Qatar|Dawlat Qaṭar
RE,Réunion,Réunion Island,RE|Reunion
RO,Romania,Romania,RO|Rumania|Roumania|România
RS,Serbia,Republic of Serbia,RS|Srbija|Republic of Serbia|Република Србија|Republika Srbija
RU,Russia,Russian Federation,RU|Russian Federation|Российская Федерация
RW,Rwanda,Republic of Rwanda,RW|Republic of Rwanda|Repubulika y'u Rwanda|République du Rwanda
SA,Saudi Arabia,Kingdom of Saudi Arabia,Saudi|SA|Kingdom of Saudi Arabia|Al-Mamlakah al-‘Arabiyyah as-Su‘ūdiyyah
SB,Solomon Islands,Solomon Islands,SB
SC,Seychelles,Republic of Seychelles,SC|Republic of Seychelles|Repiblik Sesel|République des Seychelles
SD,Sudan,Republic of the Sudan,SD|Republic of the Sudan|Jumhūrīyat as-Sūdān
SE,Sweden,Kingdom of Sweden,SE|Kingdom of Sweden|Konungariket Sverige
SG,Singapore,Republic of Singapore,SG|Singapura|Republik Singapura|新加坡共和国
SH,"Saint Helena, Ascension and Tristan da Cunha","Saint Helena, Ascension and Tristan da Cunha","Saint Helena|St. Helena, Ascension and Tristan da Cunha"
SI,Slovenia,Republic of Slovenia,SI|Republic of Slovenia|Republika Slovenija
SJ,Svalbard and Jan Mayen,Svalbard og Jan Mayen,SJ|Svalbard and Jan Mayen Islands
SK,Slovakia,Slovak Republic,SK|Slovak Republic|Slovenská republika
SL,Sierra Leone,Republic of Sierra Leone,SL|Republic of Sierra Leone
SM,San Marino,Republic of San Marino,SM|Republic of San Marino|Repubblica di San Marino
SN,Senegal,Republic of Senegal,SN|Republic of Senegal|République du Sénégal
SO,Somalia,Federal Republic of Somalia,SO|aṣ-Ṣūmāl|Federal Republic of Somalia|Jamhuuriyadda Federaalka Soomaaliya|Jumhūriyyat aṣ-Ṣūmāl al-Fiderāliyya
SR,Suriname,Republic of Suriname,SR|Sarnam|Sranangron|Republic of Suriname|Republiek Suriname
SS,South Sudan,Republic of South Sudan,SS
ST,São Tomé and Príncipe,Democratic Republic of São Tomé and Príncipe,ST|Democratic Republic of São Tomé and Príncipe|Sao Tome and Principe|República Democrática de São Tomé e Príncipe
SV,El Salvador,Republic of El Salvador,SV|Republic of El Salvador|República de El Salvador
SX,Sint Maarten,Sint Maarten,SX|Sint Maarten (Dutch part)
SY,Syria,Syrian Arab Republic,SY|Syrian Arab Republic|Al-Jumhūrīyah Al-ʻArabīyah As-Sūrīyah
SZ,Eswatini,Kingdom of Eswatini,SZ|Swaziland|weSwatini|Swatini|Ngwane|Kingdom of Eswatini|Umbuso weSwatini
TC,Turks and Caicos Islands,Turks and Caicos Islands,TC
TD,Chad,Republic of Chad,TD|Tchad|Republic of Chad|République du Tchad
TF,French Southern and Antarctic Lands,Territory of the French Southern and Antarctic Lands,TF|French Southern Territories
TG,Togo,Togolese Republic,TG|Togolese|Togolese Republic|République Togolaise
TH,Thailand,Kingdom of Thailand,TH|Prathet|Thai|Kingdom of Thailand|ราชอาณาจักรไทย|Ratcha Anachak Thai
TJ,Tajikistan,Republic of Tajikistan,TJ|Toçikiston|Republic of Tajikistan|Ҷумҳурии Тоҷикистон|Çumhuriyi Toçikiston
TK,Tokelau,Tokelau,TK
TL,Timor-Leste,Democratic Republic of Timor-Leste,TL|East Timor|Democratic Republic of Timor-Leste|República Democrática de Timor-Leste|Repúblika Demokrátika Timór-Leste|Timór Lorosa'e|Timor Lorosae
TM,Turkmenistan,Turkmenistan,TM
TN,Tunisia,Tunisian Republic,TN|Republic of Tunisia|al-Jumhūriyyah at-Tūnisiyyah
TO,Tonga,Kingdom of Tonga,TO
TR,Turkey,Republic of Turkey,TR|Turkiye|Republic of Turkey|Türkiye Cumhuriyeti
TT,Trinidad and Tobago,Republic of Trinidad and Tobago,TT|Republic of Trinidad and Tobago
TV,Tuvalu,Tuvalu,TV
TW,Taiwan,Republic of China (Taiwan),TW|Táiwān|Republic of China|中華民國|Zhōnghuá Mínguó|Chinese Taipei
TZ,Tanzania,United Republic of Tanzania,"TZ|Tanzania, United Republic of|United Republic of Tanzania|Jamhuri ya Muungano wa Tanzania"
UA,Ukraine,Ukraine,UA|Ukrayina
UG,Uganda,Republic of Uganda,UG|Republic of Uganda|Jamhuri ya Uganda
UM,United States Minor Outlying Islands,United States Minor Outlying Islands,UM
US,United States,United States of America,US|USA|United States of America
UY,Uruguay,Oriental Republic of Uruguay,UY|Oriental Republic of Uruguay|República Oriental del Uruguay
UZ,Uzbekistan,Republic of Uzbekistan,UZ|Republic of Uzbekistan|O‘zbekiston Respublikasi|Ўзбекистон Республикаси
VA,Vatican City,Vatican City State,VA|Holy See (Vatican City State)|Vatican City State|Stato della Città del Vaticano
VC,Saint Vincent and the Grenadines,Saint Vincent and the Grenadines,VC
VE,Venezuela,Bolivarian Republic of Venezuela,"VE|Bolivarian Republic of Venezuela|Venezuela, Bolivarian Republic of|República Bolivariana de Venezuela"
VG,British Virgin Islands,Virgin Islands,"VG|Virgin Islands, British"
VI,United States Virgin Islands,Virgin Islands of the United States,"VI|Virgin Islands, U.S."
VN,Vietnam,Socialist Republic of Vietnam,VN|Socialist Republic of Vietnam|Cộng hòa Xã hội chủ nghĩa Việt Nam|Viet Nam
VU,Vanuatu,Republic of Vanuatu,VU|Republic of Vanuatu|Ripablik blong Vanuatu|République de Vanuatu
WF,Wallis and Futuna,Territory of the Wallis and Futuna Islands,WF|Territory of the Wallis and Futuna Islands|Territoire des îles Wallis et Futuna
WS,Samoa,Independent State of Samoa,WS|Independent State of Samoa|Malo Saʻoloto Tutoʻatasi o Sāmoa
YE,Yemen,Republic of Yemen,YE|Yemeni Republic|al-Jumhūriyyah al-Yamaniyyah
YT,Mayotte,Department of Mayotte,YT|Department of Mayotte|Département de Mayotte
ZA,South Africa,Republic of South Africa,ZA|RSA|Suid-Afrika|Republic of South Africa
ZM,Zambia,Republic of Zambia,ZM|Republic of Zambia
ZW,Zimbabwe,Republic of Zimbabwe,ZW|Republic of Zimbabwe
